<?xml version = '1.0' encoding = 'UTF-8'?>
<FKIndexAssociation class="oracle.dbtools.crest.model.design.relational.FKIndexAssociation" directorySegmentName="seg_0" id="3E4E7E08-13F3-0DD4-97A8-F03666B64F41" containerWithKeyObject="1BEBCE55-783A-EEA6-A168-7469089095B9" localFKIndex="58048CFA-AE40-41F6-B844-A89A40DF0C23" name="Atendimento_Atendente_FK">
<createdBy>Caio</createdBy>
<createdTime>2020-05-28 22:44:02 UTC</createdTime>
<ownerDesignName>trabalho banco de dados</ownerDesignName>
<referredTableLongName>Atendente</referredTableLongName>
<deleteRule>NO ACTION</deleteRule>
<referredTableID>789EF2AB-9259-9745-E013-3FDF15F794DF</referredTableID>
<keyObject>6FA74A60-20D3-8B18-3ECD-8424111D2447</keyObject>
<referredKeyID>6FA74A60-20D3-8B18-3ECD-8424111D2447</referredKeyID>
<mandatory>true</mandatory>
<refColNames>Funcionario_id</refColNames>
<transferable>true</transferable>
<rely>false</rely>
<columnDependencyConstraintGenerateInDDL>true</columnDependencyConstraintGenerateInDDL>
</FKIndexAssociation>