<?xml version = '1.0' encoding = 'UTF-8'?>
<FKIndexAssociation class="oracle.dbtools.crest.model.design.relational.FKIndexAssociation" directorySegmentName="seg_0" id="881797DE-CD8F-A80A-D7FE-7CD8BFBADAFC" containerWithKeyObject="B241EF74-D981-5095-3E87-350E851CFFA5" localFKIndex="2B5BE220-F4B8-A2F5-5909-0AE8410F6828" name="Venda_Vendedor_FK">
<createdBy>Caio</createdBy>
<createdTime>2020-05-28 22:46:45 UTC</createdTime>
<ownerDesignName>trabalho banco de dados</ownerDesignName>
<referredTableLongName>Vendedor</referredTableLongName>
<deleteRule>NO ACTION</deleteRule>
<referredTableID>0BCEF720-51A5-783E-5EEB-BE998D046444</referredTableID>
<keyObject>07755CD3-8B54-06BD-991E-3DCBE1642438</keyObject>
<referredKeyID>07755CD3-8B54-06BD-991E-3DCBE1642438</referredKeyID>
<mandatory>true</mandatory>
<refColNames>Funcionario_id</refColNames>
<transferable>true</transferable>
<rely>false</rely>
<columnDependencyConstraintGenerateInDDL>true</columnDependencyConstraintGenerateInDDL>
</FKIndexAssociation>