<?xml version = '1.0' encoding = 'UTF-8'?>
<FKIndexAssociation class="oracle.dbtools.crest.model.design.relational.FKIndexAssociation" directorySegmentName="seg_0" id="ADB104EA-5049-0670-3BD4-B7A6F3EB198B" containerWithKeyObject="4BFC42CA-067D-469C-C28B-17828F2F04D3" localFKIndex="F94345C2-A0E4-9B8B-B8D4-7280B763D18E" name="Cliente_Vendedor_FK">
<createdBy>Caio</createdBy>
<createdTime>2020-05-28 22:47:50 UTC</createdTime>
<ownerDesignName>trabalho banco de dados</ownerDesignName>
<referredTableLongName>Vendedor</referredTableLongName>
<deleteRule>NO ACTION</deleteRule>
<referredTableID>0BCEF720-51A5-783E-5EEB-BE998D046444</referredTableID>
<keyObject>07755CD3-8B54-06BD-991E-3DCBE1642438</keyObject>
<referredKeyID>07755CD3-8B54-06BD-991E-3DCBE1642438</referredKeyID>
<mandatory>true</mandatory>
<refColNames>Funcionario_id</refColNames>
<transferable>true</transferable>
<rely>false</rely>
<columnDependencyConstraintGenerateInDDL>true</columnDependencyConstraintGenerateInDDL>
</FKIndexAssociation>