<?xml version = '1.0' encoding = 'UTF-8'?>
<FKIndexAssociation class="oracle.dbtools.crest.model.design.relational.FKIndexAssociation" directorySegmentName="seg_0" id="C8EC1EFC-56CB-D08D-9B58-C65B2B829BB6" containerWithKeyObject="D10B2177-6287-0E38-BF80-0D0E72477F4A" localFKIndex="03BDCA63-DDA2-CFA4-8A2C-1A99EA583C0A" name="item_Produto_FK">
<createdBy>Caio</createdBy>
<createdTime>2020-05-28 22:49:31 UTC</createdTime>
<ownerDesignName>trabalho banco de dados</ownerDesignName>
<referredTableLongName>Produto</referredTableLongName>
<deleteRule>NO ACTION</deleteRule>
<referredTableID>F55DAA9F-20D4-1572-F7DE-B61C50DB9185</referredTableID>
<keyObject>D9FD6A6C-541B-CD25-D01A-5259134CAA83</keyObject>
<referredKeyID>D9FD6A6C-541B-CD25-D01A-5259134CAA83</referredKeyID>
<mandatory>true</mandatory>
<refColNames>id</refColNames>
<transferable>true</transferable>
<rely>false</rely>
<columnDependencyConstraintGenerateInDDL>true</columnDependencyConstraintGenerateInDDL>
</FKIndexAssociation>