<?xml version = '1.0' encoding = 'UTF-8'?>
<FKIndexAssociation class="oracle.dbtools.crest.model.design.relational.FKIndexAssociation" directorySegmentName="seg_0" id="F65639C0-5B73-AEA0-B2E8-03A768A2F8D4" containerWithKeyObject="3FE1CC9E-6805-622B-FAAF-8670F3BF0156" localFKIndex="AFDB8856-A156-CCA4-BBFA-CAFBAC432D68" name="Funcionario_Filial _FK">
<createdBy>Caio</createdBy>
<createdTime>2020-05-28 22:34:13 UTC</createdTime>
<ownerDesignName>trabalho banco de dados</ownerDesignName>
<referredTableLongName>Filial </referredTableLongName>
<deleteRule>NO ACTION</deleteRule>
<referredTableID>5B60481C-396E-83D5-DD49-23A374B3371D</referredTableID>
<keyObject>8454B30C-1426-337D-0F07-DEAA45149986</keyObject>
<referredKeyID>8454B30C-1426-337D-0F07-DEAA45149986</referredKeyID>
<mandatory>true</mandatory>
<refColNames>id</refColNames>
<transferable>true</transferable>
<rely>false</rely>
<columnDependencyConstraintGenerateInDDL>true</columnDependencyConstraintGenerateInDDL>
</FKIndexAssociation>