<?xml version = '1.0' encoding = 'UTF-8'?>
<Diagram class="oracle.dbtools.crest.swingui.logical.DPVLogical" name="Logical" id="7A5E430C-F111-6113-104D-CCAB9A75FB31">
<createdBy>mathe</createdBy>
<modifiedBy>mathe</modifiedBy>
<createdTime>2020-04-03 22:48:07 UTC</createdTime>
<autoRoute>false</autoRoute>
<boxInbox>true</boxInbox>
<showLegend>false</showLegend>
<showLabels>false</showLabels>
<showRelAttributes>false</showRelAttributes>
<gridEnabled>false</gridEnabled>
<showGrid>false</showGrid>
<diagramColor>-1</diagramColor>
<display>false</display>
<notation>1</notation>
<diagramViews>
<DiagramView class="oracle.dbtools.crest.swingui.TVDiagramView" oid="6636C241-8CB9-2922-F73B-22525552D56A" dpv_id="1A193AB3-7C87-F408-FEB8-3EB9AF9E8858" vid="4051317D-E129-4730-4415-ECCE0BD5E77F">
<hideElementsInCurrentOnly>false</hideElementsInCurrentOnly>
<bounds x="290" y="96" width="140" height="100"/>
<rdiagramName>Relational_1</rdiagramName>
<rdiagramID>1A193AB3-7C87-F408-FEB8-3EB9AF9E8858</rdiagramID>
</DiagramView>
</diagramViews>
</Diagram>