<?xml version = '1.0' encoding = 'UTF-8'?>
<Table class="oracle.dbtools.crest.model.design.relational.Table" directorySegmentName="seg_0" id="0B34BA47-EFA3-1F71-8CCC-CAA5A76C4D48" name="endereco">
<createdBy>Caio</createdBy>
<createdTime>2020-05-28 22:28:21 UTC</createdTime>
<ownerDesignName>trabalho banco de dados</ownerDesignName>
<ordsAlias>table_14</ordsAlias>
<allowColumnReorder>false</allowColumnReorder>
<existDependencyGenerateInDDl>true</existDependencyGenerateInDDl>
<parsed>true</parsed>
<columns itemClass="oracle.dbtools.crest.model.design.relational.Column">
<Column name="id" id="4BEE9A65-664D-2C26-4A82-BAB60556EC7B">
<createdBy>Caio</createdBy>
<createdTime>2020-05-28 22:28:46 UTC</createdTime>
<ownerDesignName>trabalho banco de dados</ownerDesignName>
<useDomainConstraints>false</useDomainConstraints>
<use>1</use>
<logicalDatatype>LOGDT011</logicalDatatype>
<ownDataTypeParameters>,,</ownDataTypeParameters>
<autoIncrementCycle>false</autoIncrementCycle>
</Column>
<Column name="cep" id="28E8A075-4B1B-32F3-1FD1-CD9F8ABD79B1">
<createdBy>Caio</createdBy>
<createdTime>2020-05-28 22:28:55 UTC</createdTime>
<ownerDesignName>trabalho banco de dados</ownerDesignName>
<useDomainConstraints>false</useDomainConstraints>
<use>1</use>
<logicalDatatype>LOGDT024</logicalDatatype>
<ownDataTypeParameters>,,</ownDataTypeParameters>
<autoIncrementCycle>false</autoIncrementCycle>
</Column>
<Column name="cidade" id="C8AC59D4-FDAB-FC51-D8B8-437ACBC53CD9">
<createdBy>Caio</createdBy>
<createdTime>2020-05-28 22:29:24 UTC</createdTime>
<ownerDesignName>trabalho banco de dados</ownerDesignName>
<useDomainConstraints>false</useDomainConstraints>
<use>1</use>
<logicalDatatype>LOGDT024</logicalDatatype>
<ownDataTypeParameters>,,</ownDataTypeParameters>
<autoIncrementCycle>false</autoIncrementCycle>
</Column>
<Column name="bairro" id="20C0258B-6EEE-DA0C-A193-CE06A5D29644">
<createdBy>Caio</createdBy>
<createdTime>2020-05-28 22:29:36 UTC</createdTime>
<ownerDesignName>trabalho banco de dados</ownerDesignName>
<useDomainConstraints>false</useDomainConstraints>
<use>1</use>
<logicalDatatype>LOGDT024</logicalDatatype>
<ownDataTypeParameters>,,</ownDataTypeParameters>
<autoIncrementCycle>false</autoIncrementCycle>
</Column>
<Column name="rua" id="0FDFD397-49A6-410B-8B4B-9003342F9C8B">
<createdBy>Caio</createdBy>
<createdTime>2020-05-28 22:29:45 UTC</createdTime>
<ownerDesignName>trabalho banco de dados</ownerDesignName>
<useDomainConstraints>false</useDomainConstraints>
<use>1</use>
<logicalDatatype>LOGDT024</logicalDatatype>
<ownDataTypeParameters>,,</ownDataTypeParameters>
<autoIncrementCycle>false</autoIncrementCycle>
</Column>
<Column name="numero" id="1477D22A-A805-2A92-442C-ABE7F09BCFFF">
<createdBy>Caio</createdBy>
<createdTime>2020-05-28 22:30:01 UTC</createdTime>
<ownerDesignName>trabalho banco de dados</ownerDesignName>
<useDomainConstraints>false</useDomainConstraints>
<use>1</use>
<logicalDatatype>LOGDT011</logicalDatatype>
<ownDataTypeParameters>,,</ownDataTypeParameters>
<autoIncrementCycle>false</autoIncrementCycle>
</Column>
<Column name="Cliente_id" id="AABE267C-652D-7319-DB92-2E0BD6A78562">
<createdBy>Caio</createdBy>
<createdTime>2020-05-28 22:49:42 UTC</createdTime>
<ownerDesignName>trabalho banco de dados</ownerDesignName>
<useDomainConstraints>false</useDomainConstraints>
<use>1</use>
<logicalDatatype>LOGDT011</logicalDatatype>
<ownDataTypeParameters>,,</ownDataTypeParameters>
<previousColumn>false</previousColumn>
<autoIncrementCycle>false</autoIncrementCycle>
<associations>
<colAssociation fkAssociation="28D1B3F4-C76F-6BA5-D19E-1A1BB2916686" referredColumn="F1AC7AB5-C09A-A044-5985-6CF08864DCAE"/>
</associations>
</Column>
</columns>
<indexes itemClass="oracle.dbtools.crest.model.design.relational.Index">
<ind_PK_UK id="7011C948-524C-9113-6FAB-383CFD8DEC39" name="endereco_PK">
<createdBy>Caio</createdBy>
<createdTime>2020-05-28 22:28:46 UTC</createdTime>
<ownerDesignName>trabalho banco de dados</ownerDesignName>
<pk>true</pk>
<indexState>Primary Constraint</indexState>
<isSurrogateKey>false</isSurrogateKey>
<indexColumnUsage>
<colUsage columnID="C8AC59D4-FDAB-FC51-D8B8-437ACBC53CD9"/>
</indexColumnUsage>
</ind_PK_UK>
<ind_PK_UK id="1C3DA39C-0725-BDBA-DD85-42F757955E10" name="endereco_Cliente_FK">
<createdBy>Caio</createdBy>
<createdTime>2020-05-28 22:49:42 UTC</createdTime>
<ownerDesignName>trabalho banco de dados</ownerDesignName>
<indexState>Foreign Key</indexState>
<isSurrogateKey>false</isSurrogateKey>
<indexColumnUsage>
<colUsage columnID="AABE267C-652D-7319-DB92-2E0BD6A78562"/>
</indexColumnUsage>
</ind_PK_UK>
</indexes>
</Table>