<?xml version = '1.0' encoding = 'UTF-8'?>
<Table class="oracle.dbtools.crest.model.design.relational.Table" directorySegmentName="seg_0" id="0BCEF720-51A5-783E-5EEB-BE998D046444" name="Vendedor">
<createdBy>Caio</createdBy>
<createdTime>2020-05-28 22:18:01 UTC</createdTime>
<ownerDesignName>trabalho banco de dados</ownerDesignName>
<ordsAlias>table_7</ordsAlias>
<allowColumnReorder>false</allowColumnReorder>
<existDependencyGenerateInDDl>true</existDependencyGenerateInDDl>
<parsed>true</parsed>
<columns itemClass="oracle.dbtools.crest.model.design.relational.Column">
<Column name="Comissao" id="7381A814-1EC0-2C98-7D64-DCAAEF06321C">
<createdBy>Caio</createdBy>
<createdTime>2020-05-28 22:18:21 UTC</createdTime>
<ownerDesignName>trabalho banco de dados</ownerDesignName>
<useDomainConstraints>false</useDomainConstraints>
<use>1</use>
<logicalDatatype>LOGDT022</logicalDatatype>
<ownDataTypeParameters>,,</ownDataTypeParameters>
<autoIncrementCycle>false</autoIncrementCycle>
</Column>
<Column name="Funcionario_id" id="6FD3FD70-6AFC-CA7D-2100-2D042BACA38E">
<createdBy>Caio</createdBy>
<createdTime>2020-05-28 22:41:11 UTC</createdTime>
<ownerDesignName>trabalho banco de dados</ownerDesignName>
<useDomainConstraints>false</useDomainConstraints>
<use>1</use>
<logicalDatatype>LOGDT011</logicalDatatype>
<ownDataTypeParameters>,,</ownDataTypeParameters>
<previousColumn>false</previousColumn>
<autoIncrementCycle>false</autoIncrementCycle>
<associations>
<colAssociation fkAssociation="0F44F78F-5D11-E2DE-F3B5-9A3BB3CACB53" referredColumn="406C6D98-37FD-819A-7B81-F9FF937DB0E8"/>
</associations>
</Column>
<Column name="Funcionario_cpf" id="78E79427-444C-6332-9486-4EDB0274693E">
<createdBy>Caio</createdBy>
<createdTime>2020-05-28 22:51:42 UTC</createdTime>
<ownerDesignName>trabalho banco de dados</ownerDesignName>
<useDomainConstraints>false</useDomainConstraints>
<use>1</use>
<logicalDatatype>LOGDT024</logicalDatatype>
<ownDataTypeParameters>,,</ownDataTypeParameters>
<autoIncrementCycle>false</autoIncrementCycle>
</Column>
</columns>
<indexes itemClass="oracle.dbtools.crest.model.design.relational.Index">
<ind_PK_UK id="07755CD3-8B54-06BD-991E-3DCBE1642438" name="Vendedor_PK">
<createdBy>Caio</createdBy>
<createdTime>2020-05-28 22:41:27 UTC</createdTime>
<ownerDesignName>trabalho banco de dados</ownerDesignName>
<pk>true</pk>
<indexState>Primary Constraint</indexState>
<isSurrogateKey>false</isSurrogateKey>
<indexColumnUsage>
<colUsage columnID="6FD3FD70-6AFC-CA7D-2100-2D042BACA38E"/>
</indexColumnUsage>
</ind_PK_UK>
<ind_PK_UK id="BFB0DD0B-F5A1-1313-5D6B-D551A8CA98C4" name="Vendedor_Funcionario_FK">
<createdBy>Caio</createdBy>
<createdTime>2020-05-28 22:41:11 UTC</createdTime>
<ownerDesignName>trabalho banco de dados</ownerDesignName>
<indexState>Foreign Key</indexState>
<isSurrogateKey>false</isSurrogateKey>
<indexColumnUsage>
<colUsage columnID="6FD3FD70-6AFC-CA7D-2100-2D042BACA38E"/>
</indexColumnUsage>
</ind_PK_UK>
</indexes>
</Table>