<?xml version = '1.0' encoding = 'UTF-8'?>
<Table class="oracle.dbtools.crest.model.design.relational.Table" directorySegmentName="seg_0" id="3FE1CC9E-6805-622B-FAAF-8670F3BF0156" name="Funcionario">
<createdBy>Caio</createdBy>
<createdTime>2020-05-28 22:08:26 UTC</createdTime>
<ownerDesignName>trabalho banco de dados</ownerDesignName>
<ordsAlias>table_1</ordsAlias>
<allowColumnReorder>false</allowColumnReorder>
<existDependencyGenerateInDDl>true</existDependencyGenerateInDDl>
<parsed>true</parsed>
<columns itemClass="oracle.dbtools.crest.model.design.relational.Column">
<Column name="id" id="406C6D98-37FD-819A-7B81-F9FF937DB0E8">
<createdBy>Caio</createdBy>
<createdTime>2020-05-28 22:09:45 UTC</createdTime>
<ownerDesignName>trabalho banco de dados</ownerDesignName>
<useDomainConstraints>false</useDomainConstraints>
<use>1</use>
<logicalDatatype>LOGDT011</logicalDatatype>
<ownDataTypeParameters>,,</ownDataTypeParameters>
<autoIncrementCycle>false</autoIncrementCycle>
</Column>
<Column name="Nome" id="013ECDDC-4987-E3C2-7D2F-C9A3EA4038A9">
<createdBy>Caio</createdBy>
<createdTime>2020-05-28 22:11:02 UTC</createdTime>
<ownerDesignName>trabalho banco de dados</ownerDesignName>
<useDomainConstraints>false</useDomainConstraints>
<use>1</use>
<logicalDatatype>LOGDT024</logicalDatatype>
<ownDataTypeParameters>,,</ownDataTypeParameters>
<autoIncrementCycle>false</autoIncrementCycle>
</Column>
<Column name="Sobrenome" id="0D91BAD9-4A64-FAC7-2BBD-43F61B8A560D">
<createdBy>Caio</createdBy>
<createdTime>2020-05-28 22:12:58 UTC</createdTime>
<ownerDesignName>trabalho banco de dados</ownerDesignName>
<useDomainConstraints>false</useDomainConstraints>
<use>1</use>
<logicalDatatype>LOGDT024</logicalDatatype>
<ownDataTypeParameters>,,</ownDataTypeParameters>
<autoIncrementCycle>false</autoIncrementCycle>
</Column>
<Column name="cpf" id="19BF03C2-FF78-9EAE-6256-E2DA44683342">
<createdBy>Caio</createdBy>
<createdTime>2020-05-28 22:10:35 UTC</createdTime>
<ownerDesignName>trabalho banco de dados</ownerDesignName>
<useDomainConstraints>false</useDomainConstraints>
<use>1</use>
<logicalDatatype>LOGDT024</logicalDatatype>
<ownDataTypeParameters>,,</ownDataTypeParameters>
<autoIncrementCycle>false</autoIncrementCycle>
</Column>
<Column name="Matricula" id="F8019CED-7026-0716-371E-B3F7C717C0C4">
<createdBy>Caio</createdBy>
<createdTime>2020-05-28 22:10:02 UTC</createdTime>
<ownerDesignName>trabalho banco de dados</ownerDesignName>
<useDomainConstraints>false</useDomainConstraints>
<use>1</use>
<logicalDatatype>LOGDT011</logicalDatatype>
<ownDataTypeParameters>,,</ownDataTypeParameters>
<autoIncrementCycle>false</autoIncrementCycle>
</Column>
<Column name="Filial _id" id="E79C06F2-EBDA-3D74-6010-34E68875B9AA">
<createdBy>Caio</createdBy>
<createdTime>2020-05-28 22:34:13 UTC</createdTime>
<ownerDesignName>trabalho banco de dados</ownerDesignName>
<useDomainConstraints>false</useDomainConstraints>
<use>1</use>
<logicalDatatype>LOGDT011</logicalDatatype>
<ownDataTypeParameters>,,</ownDataTypeParameters>
<previousColumn>false</previousColumn>
<autoIncrementCycle>false</autoIncrementCycle>
<associations>
<colAssociation fkAssociation="F65639C0-5B73-AEA0-B2E8-03A768A2F8D4" referredColumn="BC5390AB-A0CA-422C-91CA-133079CD65EF"/>
</associations>
</Column>
</columns>
<indexes itemClass="oracle.dbtools.crest.model.design.relational.Index">
<ind_PK_UK id="9E0FC7F6-6959-5FB9-A584-BC7BDC810B02" name="Funcionario_PK">
<createdBy>Caio</createdBy>
<createdTime>2020-05-28 22:09:45 UTC</createdTime>
<ownerDesignName>trabalho banco de dados</ownerDesignName>
<pk>true</pk>
<indexState>Primary Constraint</indexState>
<isSurrogateKey>false</isSurrogateKey>
<indexColumnUsage>
<colUsage columnID="406C6D98-37FD-819A-7B81-F9FF937DB0E8"/>
</indexColumnUsage>
</ind_PK_UK>
<ind_PK_UK id="6AEDB339-28F1-63BF-3D83-4BE677353A1A" name="Funcionario__UN">
<createdBy>Caio</createdBy>
<createdTime>2020-05-28 22:52:15 UTC</createdTime>
<ownerDesignName>trabalho banco de dados</ownerDesignName>
<indexState>Unique Constraint</indexState>
<isSurrogateKey>false</isSurrogateKey>
<indexColumnUsage>
<colUsage columnID="F8019CED-7026-0716-371E-B3F7C717C0C4"/>
</indexColumnUsage>
</ind_PK_UK>
<ind_PK_UK id="AFDB8856-A156-CCA4-BBFA-CAFBAC432D68" name="Funcionario_Filial _FK">
<createdBy>Caio</createdBy>
<createdTime>2020-05-28 22:34:13 UTC</createdTime>
<ownerDesignName>trabalho banco de dados</ownerDesignName>
<indexState>Foreign Key</indexState>
<isSurrogateKey>false</isSurrogateKey>
<indexColumnUsage>
<colUsage columnID="E79C06F2-EBDA-3D74-6010-34E68875B9AA"/>
</indexColumnUsage>
</ind_PK_UK>
</indexes>
</Table>