<?xml version = '1.0' encoding = 'UTF-8'?>
<Table class="oracle.dbtools.crest.model.design.relational.Table" directorySegmentName="seg_0" id="4BFC42CA-067D-469C-C28B-17828F2F04D3" name="Cliente">
<createdBy>Caio</createdBy>
<createdTime>2020-05-28 22:25:29 UTC</createdTime>
<ownerDesignName>trabalho banco de dados</ownerDesignName>
<ordsAlias>table_13</ordsAlias>
<allowColumnReorder>false</allowColumnReorder>
<existDependencyGenerateInDDl>true</existDependencyGenerateInDDl>
<parsed>true</parsed>
<columns itemClass="oracle.dbtools.crest.model.design.relational.Column">
<Column name="id" id="F1AC7AB5-C09A-A044-5985-6CF08864DCAE">
<createdBy>Caio</createdBy>
<createdTime>2020-05-28 22:25:47 UTC</createdTime>
<ownerDesignName>trabalho banco de dados</ownerDesignName>
<useDomainConstraints>false</useDomainConstraints>
<use>1</use>
<logicalDatatype>LOGDT011</logicalDatatype>
<ownDataTypeParameters>,,</ownDataTypeParameters>
<autoIncrementCycle>false</autoIncrementCycle>
</Column>
<Column name="primeiro_nome" id="06F55E93-C7B0-A599-CD44-B8D7F9B7B80F">
<createdBy>Caio</createdBy>
<createdTime>2020-05-28 22:26:16 UTC</createdTime>
<ownerDesignName>trabalho banco de dados</ownerDesignName>
<useDomainConstraints>false</useDomainConstraints>
<use>1</use>
<logicalDatatype>LOGDT024</logicalDatatype>
<ownDataTypeParameters>,,</ownDataTypeParameters>
<autoIncrementCycle>false</autoIncrementCycle>
</Column>
<Column name="sobrenome" id="1F01E9ED-3873-D8FE-3A6B-93E7DD574A76">
<createdBy>Caio</createdBy>
<createdTime>2020-05-28 22:27:29 UTC</createdTime>
<ownerDesignName>trabalho banco de dados</ownerDesignName>
<useDomainConstraints>false</useDomainConstraints>
<use>1</use>
<logicalDatatype>LOGDT024</logicalDatatype>
<ownDataTypeParameters>,,</ownDataTypeParameters>
<autoIncrementCycle>false</autoIncrementCycle>
</Column>
<Column name="cpf" id="235DFDB5-BD5D-263C-1F94-47D47C41941B">
<createdBy>Caio</createdBy>
<createdTime>2020-05-28 22:27:16 UTC</createdTime>
<ownerDesignName>trabalho banco de dados</ownerDesignName>
<useDomainConstraints>false</useDomainConstraints>
<use>1</use>
<logicalDatatype>LOGDT024</logicalDatatype>
<ownDataTypeParameters>,,</ownDataTypeParameters>
<autoIncrementCycle>false</autoIncrementCycle>
</Column>
<Column name="telefone" id="41114AE4-487B-409F-BB4F-08FE38997E29">
<createdBy>Caio</createdBy>
<createdTime>2020-05-28 22:27:59 UTC</createdTime>
<ownerDesignName>trabalho banco de dados</ownerDesignName>
<useDomainConstraints>false</useDomainConstraints>
<use>1</use>
<logicalDatatype>LOGDT011</logicalDatatype>
<ownDataTypeParameters>,,</ownDataTypeParameters>
<autoIncrementCycle>false</autoIncrementCycle>
</Column>
<Column name="data_nacimento" id="3061F8AA-795D-1231-D144-9D441AA543B7">
<createdBy>Caio</createdBy>
<createdTime>2020-05-28 22:28:11 UTC</createdTime>
<ownerDesignName>trabalho banco de dados</ownerDesignName>
<useDomainConstraints>false</useDomainConstraints>
<use>1</use>
<logicalDatatype>LOGDT024</logicalDatatype>
<ownDataTypeParameters>,,</ownDataTypeParameters>
<autoIncrementCycle>false</autoIncrementCycle>
</Column>
<Column name="Vendedor_Funcionario_id" id="6EBB4B08-56EA-2E15-0B1E-74FD1679584C">
<createdBy>Caio</createdBy>
<createdTime>2020-05-28 22:47:50 UTC</createdTime>
<ownerDesignName>trabalho banco de dados</ownerDesignName>
<useDomainConstraints>false</useDomainConstraints>
<use>1</use>
<logicalDatatype>LOGDT011</logicalDatatype>
<ownDataTypeParameters>,,</ownDataTypeParameters>
<previousColumn>false</previousColumn>
<autoIncrementCycle>false</autoIncrementCycle>
<associations>
<colAssociation fkAssociation="ADB104EA-5049-0670-3BD4-B7A6F3EB198B" referredColumn="6FD3FD70-6AFC-CA7D-2100-2D042BACA38E"/>
</associations>
</Column>
</columns>
<indexes itemClass="oracle.dbtools.crest.model.design.relational.Index">
<ind_PK_UK id="7A8DABF9-0936-6548-B3C1-8C44D40B44CE" name="Cliente_PK">
<createdBy>Caio</createdBy>
<createdTime>2020-05-28 22:25:47 UTC</createdTime>
<ownerDesignName>trabalho banco de dados</ownerDesignName>
<pk>true</pk>
<indexState>Primary Constraint</indexState>
<isSurrogateKey>false</isSurrogateKey>
<indexColumnUsage>
<colUsage columnID="F1AC7AB5-C09A-A044-5985-6CF08864DCAE"/>
</indexColumnUsage>
</ind_PK_UK>
<ind_PK_UK id="F94345C2-A0E4-9B8B-B8D4-7280B763D18E" name="Cliente_Vendedor_FK">
<createdBy>Caio</createdBy>
<createdTime>2020-05-28 22:47:50 UTC</createdTime>
<ownerDesignName>trabalho banco de dados</ownerDesignName>
<indexState>Foreign Key</indexState>
<isSurrogateKey>false</isSurrogateKey>
<indexColumnUsage>
<colUsage columnID="6EBB4B08-56EA-2E15-0B1E-74FD1679584C"/>
</indexColumnUsage>
</ind_PK_UK>
</indexes>
</Table>