<?xml version = '1.0' encoding = 'UTF-8'?>
<Table class="oracle.dbtools.crest.model.design.relational.Table" directorySegmentName="seg_0" id="789EF2AB-9259-9745-E013-3FDF15F794DF" name="Atendente">
<createdBy>Caio</createdBy>
<createdTime>2020-05-28 22:19:43 UTC</createdTime>
<ownerDesignName>trabalho banco de dados</ownerDesignName>
<ordsAlias>table_8</ordsAlias>
<allowColumnReorder>false</allowColumnReorder>
<existDependencyGenerateInDDl>true</existDependencyGenerateInDDl>
<parsed>true</parsed>
<columns itemClass="oracle.dbtools.crest.model.design.relational.Column">
<Column name="Nota" id="552F1CC4-F16A-119E-CF62-5D10C4A4839E">
<createdBy>Caio</createdBy>
<createdTime>2020-05-28 22:20:01 UTC</createdTime>
<ownerDesignName>trabalho banco de dados</ownerDesignName>
<useDomainConstraints>false</useDomainConstraints>
<use>1</use>
<logicalDatatype>LOGDT011</logicalDatatype>
<ownDataTypeParameters>,,</ownDataTypeParameters>
<autoIncrementCycle>false</autoIncrementCycle>
</Column>
<Column name="Funcionario_id" id="F21E68E1-EF37-6D21-374E-C7A0C09C7D9C">
<createdBy>Caio</createdBy>
<createdTime>2020-05-28 22:41:15 UTC</createdTime>
<ownerDesignName>trabalho banco de dados</ownerDesignName>
<useDomainConstraints>false</useDomainConstraints>
<use>1</use>
<logicalDatatype>LOGDT011</logicalDatatype>
<ownDataTypeParameters>,,</ownDataTypeParameters>
<previousColumn>false</previousColumn>
<autoIncrementCycle>false</autoIncrementCycle>
<associations>
<colAssociation fkAssociation="964F532F-43BC-060B-CCCA-36CCCB508703" referredColumn="406C6D98-37FD-819A-7B81-F9FF937DB0E8"/>
</associations>
</Column>
<Column name="Funcionario_cpf" id="E0CE6DEA-7BBE-FD82-C7B8-D1E25C40A283">
<createdBy>Caio</createdBy>
<createdTime>2020-05-28 22:51:42 UTC</createdTime>
<ownerDesignName>trabalho banco de dados</ownerDesignName>
<useDomainConstraints>false</useDomainConstraints>
<use>1</use>
<logicalDatatype>LOGDT024</logicalDatatype>
<ownDataTypeParameters>,,</ownDataTypeParameters>
<autoIncrementCycle>false</autoIncrementCycle>
</Column>
</columns>
<indexes itemClass="oracle.dbtools.crest.model.design.relational.Index">
<ind_PK_UK id="6FA74A60-20D3-8B18-3ECD-8424111D2447" name="Atendente_PK">
<createdBy>Caio</createdBy>
<createdTime>2020-05-28 22:41:37 UTC</createdTime>
<ownerDesignName>trabalho banco de dados</ownerDesignName>
<pk>true</pk>
<indexState>Primary Constraint</indexState>
<isSurrogateKey>false</isSurrogateKey>
<indexColumnUsage>
<colUsage columnID="F21E68E1-EF37-6D21-374E-C7A0C09C7D9C"/>
</indexColumnUsage>
</ind_PK_UK>
<ind_PK_UK id="27851D95-34E4-A055-567E-B9BA7CB7D62B" name="Atendente_Funcionario_FK">
<createdBy>Caio</createdBy>
<createdTime>2020-05-28 22:41:15 UTC</createdTime>
<ownerDesignName>trabalho banco de dados</ownerDesignName>
<indexState>Foreign Key</indexState>
<isSurrogateKey>false</isSurrogateKey>
<indexColumnUsage>
<colUsage columnID="F21E68E1-EF37-6D21-374E-C7A0C09C7D9C"/>
</indexColumnUsage>
</ind_PK_UK>
</indexes>
</Table>