<?xml version = '1.0' encoding = 'UTF-8'?>
<Table class="oracle.dbtools.crest.model.design.relational.Table" directorySegmentName="seg_0" id="F55DAA9F-20D4-1572-F7DE-B61C50DB9185" name="Produto">
<createdBy>Caio</createdBy>
<createdTime>2020-05-28 22:30:06 UTC</createdTime>
<ownerDesignName>trabalho banco de dados</ownerDesignName>
<ordsAlias>table_15</ordsAlias>
<allowColumnReorder>false</allowColumnReorder>
<existDependencyGenerateInDDl>true</existDependencyGenerateInDDl>
<parsed>true</parsed>
<columns itemClass="oracle.dbtools.crest.model.design.relational.Column">
<Column name="id" id="548E6479-ABDF-ADE9-F16E-5FD982598F2F">
<createdBy>Caio</createdBy>
<createdTime>2020-05-28 22:31:00 UTC</createdTime>
<ownerDesignName>trabalho banco de dados</ownerDesignName>
<useDomainConstraints>false</useDomainConstraints>
<use>1</use>
<logicalDatatype>LOGDT011</logicalDatatype>
<ownDataTypeParameters>,,</ownDataTypeParameters>
<autoIncrementCycle>false</autoIncrementCycle>
</Column>
<Column name="marca" id="A11A6DB1-8095-2465-89A7-167D6E500786">
<createdBy>Caio</createdBy>
<createdTime>2020-05-28 22:31:14 UTC</createdTime>
<ownerDesignName>trabalho banco de dados</ownerDesignName>
<useDomainConstraints>false</useDomainConstraints>
<use>1</use>
<logicalDatatype>LOGDT024</logicalDatatype>
<ownDataTypeParameters>,,</ownDataTypeParameters>
<autoIncrementCycle>false</autoIncrementCycle>
</Column>
<Column name="modelo" id="E493F7B0-E66E-7490-041E-040A690F49DE">
<createdBy>Caio</createdBy>
<createdTime>2020-05-28 22:31:24 UTC</createdTime>
<ownerDesignName>trabalho banco de dados</ownerDesignName>
<useDomainConstraints>false</useDomainConstraints>
<use>1</use>
<logicalDatatype>LOGDT024</logicalDatatype>
<ownDataTypeParameters>,,</ownDataTypeParameters>
<autoIncrementCycle>false</autoIncrementCycle>
</Column>
<Column name="valor" id="45051F1B-88EC-8CA9-F5D1-60E3081ABF66">
<createdBy>Caio</createdBy>
<createdTime>2020-05-28 22:31:33 UTC</createdTime>
<ownerDesignName>trabalho banco de dados</ownerDesignName>
<useDomainConstraints>false</useDomainConstraints>
<use>1</use>
<logicalDatatype>LOGDT022</logicalDatatype>
<ownDataTypeParameters>,,</ownDataTypeParameters>
<autoIncrementCycle>false</autoIncrementCycle>
</Column>
<Column name="cod_barras" id="DBB3136E-469B-3297-9E58-9C1978EC7DDD">
<createdBy>Caio</createdBy>
<createdTime>2020-05-28 22:31:45 UTC</createdTime>
<ownerDesignName>trabalho banco de dados</ownerDesignName>
<useDomainConstraints>false</useDomainConstraints>
<use>1</use>
<logicalDatatype>LOGDT024</logicalDatatype>
<ownDataTypeParameters>,,</ownDataTypeParameters>
<autoIncrementCycle>false</autoIncrementCycle>
</Column>
</columns>
<indexes itemClass="oracle.dbtools.crest.model.design.relational.Index">
<ind_PK_UK id="D9FD6A6C-541B-CD25-D01A-5259134CAA83" name="Produto_PK">
<createdBy>Caio</createdBy>
<createdTime>2020-05-28 22:31:00 UTC</createdTime>
<ownerDesignName>trabalho banco de dados</ownerDesignName>
<pk>true</pk>
<indexState>Primary Constraint</indexState>
<isSurrogateKey>false</isSurrogateKey>
<indexColumnUsage>
<colUsage columnID="548E6479-ABDF-ADE9-F16E-5FD982598F2F"/>
</indexColumnUsage>
</ind_PK_UK>
</indexes>
</Table>